Heuristic,Drupal,Web Portal,DecISIonAL,E-Shop
WD,0.00707,0.00409,0.00663,1373.94007
CID,0.01187,0.00428,0.00707,0.18863
CrossC,0.00128,0.00662,0.00461,3.64953
OC,0.00579,0.0054,0.008,3.99470
